Time,T,R,V
0.0,-0.013380884072856642,0.035561903060057416,0.09976086469109195
0.0025,-0.01998969584720598,0.03955287111465267,0.08963278256104752
0.005,-0.02511863087657209,0.042436210823070676,0.07928986881694042
0.0075,-0.028227053861953764,0.04425556780936393,0.06921429736895612
0.01,-0.028921952889191874,0.04516785549816678,0.059822562707873214
0.0125,-0.026987079823601226,0.04542221483468395,0.051446178077788375
0.015,-0.022397597084659143,0.04532787859575108,0.04431898061901155
0.0175,-0.015319490793633104,0.04521414886491839,0.03857148237256159
0.02,-0.006094282526267658,0.04538662000350892,0.034232216416434216
0.0225,0.0047892418245103876,0.046084302491301306,0.031235558268301242
0.025,0.01673356562398433,0.04744236338126657,0.029435086096260037
0.0275,0.029077778992953354,0.04946477970191163,0.028621207413155655
0.03,0.041145841821354494,0.05201033215285485,0.028541547048137043
0.0325,0.05229381713960718,0.05479412326543254,0.028922475937146325
0.035,0.06195238034236188,0.057405300834535364,0.029490168518212283
0.0375,0.06966147280123305,0.05934004601013585,0.029989704808834325
0.04,0.07509477350650175,0.06004730288498497,0.030200968985048926
0.0425,0.07807263003792879,0.05898333940509954,0.029950418620188296
0.045,0.07856312937849375,0.055670179157153235,0.02911818013173637
0.0475,0.0766720058434943,0.0497523417769967,0.027640334341713275
0.05,0.07262298920317971,0.041046247261840016,0.02550665732461922
0.0525,0.06673091570742588,0.02957709878217953,0.02275444266714413
0.055,0.05937040255432863,0.015599030564099444,0.019459322279561524
0.0575,0.050943090708582266,-0.0004042867955434925,0.015724200521662162
0.06,0.04184638617424799,-0.017739673582213934,0.011667505405931021
0.0625,0.03244629572662042,-0.03554431558491217,0.007411935415766302
0.065,0.023056402391350362,-0.052842840636260234,0.0030747456403162525
0.0675,0.013924319364741105,-0.06861728106232044,-0.0012396129964766368
0.07,0.005226171124070865,-0.0818842856494638,-0.005443989409511328
0.0725,-0.002931145656092376,-0.09177310540168886,-0.009469994606646822
0.075,-0.01050089662786875,-0.09759760754763956,-0.013266613797611581
0.0775,-0.01748220965546248,-0.09891590905529188,-0.01679647619661747
0.08,-0.023902521802904652,-0.09557214577390848,-0.020030555236501383
0.0825,-0.029798953787140654,-0.08771633295234092,-0.022942249861559672
0.085,-0.03520076877657215,-0.07580010527523184,-0.02550186944269489
0.0875,-0.04011483936337945,-0.06054818966058905,-0.027672501622000748
0.09,-0.044515635868349765,-0.04290757810662763,-0.029408086215743173
0.0925,-0.048340708410514355,-0.023978340086107594,-0.03065426265019298
0.095,-0.05149202240160384,-0.004931664109444446,-0.031352227051603
0.0975,-0.0538428847932419,0.013078106883415852,-0.03144546016229948
0.1,-0.055249627287026294,0.02900009306368709,-0.030888806298115933
0.1025,-0.05556674608244826,0.04196485194361387,-0.029659036222743095
0.105,-0.05466387649584469,0.051347116576402445,-0.0277657509941024
0.1075,-0.052442830020475235,0.056807997284766994,-0.025261311993101276
0.11,-0.048852948580261873,0.05831311584430411,-0.02224843814953479
0.1125,-0.043903225708071314,0.05612523179593856,-0.018884207097574195
0.115,-0.03766998112203505,0.050772146891884085,-0.015379431833970043
0.1175,-0.03029931500252013,0.04299283650797272,-0.011992744094218265
0.12,-0.022004064227425537,0.03366666191941241,-0.009019173027754778
0.1225,-0.013055484676742462,0.023731992939768846,-0.0067735250066291094
0.125,-0.0037703431154267443,0.014101483171453157,-0.005569402024708702
0.1275,0.005505522628227257,0.005581507197647595,-0.005695192842090738
0.13,0.014415856690289264,-0.0011971341021711525,-0.007388784135731025
0.1325,0.022613406642439143,-0.005831171274410224,-0.010813024906512087
0.135,0.02977867965124722,-0.008174996324334983,-0.01603410209078263
0.1375,0.03563673760802903,-0.008346450855730849,-0.02300492742305355
0.14,0.03997097813181296,-0.0067079547083840904,-0.03155538913119162
0.1425,0.04263316388381931,-0.0038248760752827462,-0.04139089757461814
0.145,0.04354931404294227,-0.0004050848931931503,-0.05210007827930474
0.1475,0.04272142091911534,0.0027746889621523816,-0.06317178033664948
0.15,0.040225266448292996,0.004948902657043978,-0.07402082563309148
0.1525,0.03620485941637533,0.005442308779669216,-0.0840211849503022
0.155,0.030864175966937336,0.0037408898303958756,-0.0925445930160141
0.1575,0.02445695571299734,-0.00045185829674342527,-0.09900206547806911
0.16,0.01727528752523614,-0.007178434369972524,-0.10288540768574439
0.1625,0.009637627170677142,-0.016213980128423202,-0.10380564639912242
0.165,0.0018767459967236409,-0.02707733418888446,-0.1015253929002507
0.1675,-0.005672056564600241,-0.039065570989196656,-0.0959824623976366
0.17,-0.01268230472439976,-0.05130901279124667,-0.0873026134343537
0.1725,-0.018847218939112856,-0.06284189290996638,-0.07579999683733918
0.175,-0.02389014158249748,-0.07268248021098042,-0.06196476495184607
0.1775,-0.027574558160330987,-0.07991566746153095,-0.04643822453462363
0.18,-0.029713699534482593,-0.08377084656212942,-0.029976849466576777
0.1825,-0.030179594964785297,-0.08368835193351902,-0.013407329523595716
0.185,-0.02891128983347965,-0.07936880162591865,0.00242444973169078
0.1875,-0.0259217716528776,-0.07080120358973699,0.016707081889245717
0.19,-0.021302993795846215,-0.05826757856431452,0.028716280020109047
0.1925,-0.015228279413605016,-0.0423239083721626,0.03786278637758848
0.195,-0.007951355924575031,-0.0237592629364636,0.043732122208468664
0.1975,0.0001986662018443708,-0.0035368088117203,0.04611327177417154
0.2,0.008826887671209753,0.017278105402844524,0.045014137927163377
0.2025,0.01748703248416829,0.03759658265422365,0.04066251583265029
0.205,0.025700562284288953,0.05638488201239569,0.03349233986549762
0.2075,0.03297995630589645,0.072736695548783,0.024115991887895972
0.21,0.03885517685745489,0.08593321550830334,0.013284440762636417
0.2125,0.04290191904404301,0.09548641692884524,0.0018378409671928565
0.215,0.04476989140523689,0.10116255869925672,-0.00935010985870267
0.2175,0.04420913569448041,0.10298470364112323,-0.019430316653223874
0.22,0.04109230593591604,0.10121490804957262,-0.027635024310364048
0.2225,0.035430913911650194,0.0963184649521722,-0.03332933535840763
0.225,0.02738381962779728,0.08891404965744255,-0.03605406085886871
0.2275,0.017256692851064702,0.07971468617140576,-0.03555705626377322
0.23,0.005491769429346105,0.06946504359257477,-0.03181098149531938
0.2325,-0.007352068639232644,0.05888064410368553,-0.02501634230820711
0.235,-0.020628103184769965,0.04859412920076641,-0.01558965177691416
0.2375,-0.03363794862572892,0.0391128457529177,-0.004137527567664279
0.24,-0.04567288231733421,0.030790776073027035,0.008581553922979579
0.2425,-0.05605761597158505,0.023816374132225777,0.021705350594225292
0.245,-0.06419346068371184,0.018216328249225526,0.034322702370885555
0.2475,-0.06959774606036981,0.013873796841036264,0.04553165672878422
0.25,-0.0719365158226302,0.010558394710739358,0.054497240462680535
0.2525,-0.07104793495241797,0.007964255459360952,0.060505322783958614
0.255,-0.0669544811916764,0.005751939400588393,0.06300930884082889
0.2575,-0.05986280961269359,0.0035898335542225218,0.06166688676771051
0.26,-0.0501511086934738,0.0011909953927311237,0.05636468741891111
0.2625,-0.0383447333834262,-0.0016579219496101192,0.04722945880873185
0.265,-0.02508182312346613,-0.00507804097547821,0.034625158114223134
0.2675,-0.011071410702221604,-0.009091132204387684,0.019136173932134445
0.27,0.002952869521332351,-0.013623953972113521,0.0015376643928038955
0.2725,0.016280012882321192,-0.018522849454497763,-0.017245307594863216
0.275,0.028266284933513224,-0.02357639206663932,-0.03618757512625356
0.2775,0.038373964255567126,-0.028543144100643562,-0.054219886164619924
0.28,0.04620137907885618,-0.033181203434593166,-0.0702881214402171
0.2825,0.05150216118336781,-0.037276187037013096,-0.0834125483420926
0.285,0.05419254294630806,-0.040664627385766865,-0.09274396035264953
0.2875,0.0543465176427931,-0.04325039234933457,-0.09761371381093428
0.29,0.052179681965308096,-0.04501260367494529,-0.09757497356087239
0.2925,0.04802349536997199,-0.04600452536159958,-0.09243290029252277
0.295,0.042292442885354775,-0.046343911163950514,-0.08226203613721704
0.2975,0.03544711093230944,-0.04619623112706567,-0.06740975015875247
0.3,0.02795643500409887,-0.04575294315805522,-0.048485268865671435
0.3025,0.02026233442207367,-0.04520746181057098,-0.02633451425627896
0.305,0.012749620484958904,-0.04473165665403051,-0.00200167715894263
0.3075,0.005723484115033507,-0.044455574464230534,0.023320860824083287
0.31,-0.0006039054190273551,-0.044452645080011594,0.04835200657265431
0.3125,-0.006117053291850905,-0.044731953756252954,0.07178802738350887
0.315,-0.010791334610144492,-0.045238322244053865,0.0923719573428351
0.3175,-0.014678899160280558,-0.04586003231199737,0.10896276768144386
0.32,-0.01788819239450259,-0.0464431508342359,0.1206005819962996
0.3225,-0.020559537090343562,-0.04681067191299632,0.12656425323677017
0.325,-0.02283950678282737,-0.046784160494636955,0.12641785397396152
0.3275,-0.024856834823422973,-0.04620532126427508,0.12004306919004366
0.33,-0.02670234546159456,-0.04495495376090226,0.10765511474074202
0.3325,-0.0284148956913884,-0.04296708404413708,0.08980061506859568
0.335,-0.029974632019805974,-0.040236646815716495,0.0673368276247294
0.3375,-0.03130406595104407,-0.03681986328434545,0.04139265283206295
0.34,-0.03227663777518693,-0.03282733176123393,0.013312960035334387
0.3425,-0.03273165473754721,-0.028410720847657712,-0.015411174029459488
0.345,-0.03249383554846792,-0.02374472915224177,-0.04322274753872216
0.3475,-0.03139523348666284,-0.019006560918158943,-0.0685852659454651
0.35,-0.02929708988304194,-0.01435549402563692,-0.09007038068019498
0.3525,-0.026109208718147873,-0.00991514386302886,-0.10644150239719272
0.355,-0.02180473493486011,-0.005760744835862941,-0.11672819182030492
0.3575,-0.016428731392887617,-0.0019132066085171655,-0.12028650669721122
0.36,-0.010099627050292818,0.0016590873645571538,-0.11684119383792252
0.3625,-0.0030033798062880576,0.005030701211662503,-0.10650663042333088
0.365,0.004619020289020825,0.008302717556148238,-0.08978468430786452
0.3675,0.012489371028580323,0.011581283130702048,-0.06753910287683104
0.37,0.02031350121377026,0.014953672958375675,-0.040947560980786134
0.3725,0.027803680749886296,0.018464870176581973,-0.01143399640647081
0.375,0.03469983119547298,0.02209778397409651,0.019414771420097378
0.3775,0.04078731870397225,0.0257599972447118,0.049943010289473753
0.38,0.045909503556747236,0.029279358022763997,0.07852469272531053
0.3825,0.04997381556897309,0.03240985240450862,0.10366040692367122
0.385,0.05295085931194713,0.034848103778786194,0.12406622547051992
0.3875,0.054866848251168235,0.03625964299699363,0.13874866288115653
0.39,0.055790435747580656,0.036312912104624256,0.14706074440736588
0.3925,0.05581566796638621,0.034717929571275015,0.14873546926537085
0.395,0.055043254099323466,0.03126577692095563,0.14389449624088696
0.3975,0.053562576595322674,0.025864661921333635,0.13303159928846903
0.4,0.05143681703443801,0.018568335025370277,0.11697220992536107
0.4025,0.04869324959179542,0.00959310502118213,0.09681204999472574
0.405,0.045320181438829085,-0.000679407147348553,0.07383933454324695
0.4075,0.04127125351892544,-0.011715389484843283,0.04944617597761868
0.41,0.036476934315539715,-0.022857953639616804,0.025035556673724587
0.4125,0.030862137100064344,-0.03337075963650169,0.0019304983783045657
0.415,0.024368067082484644,-0.04249311325831844,-0.01870817979185946
0.4175,0.016975753744163102,-0.049502151894255095,-0.03594984101555197
0.42,0.008728325574035117,-0.05377674029233701,-0.04914321948799833
0.4225,-0.00025100404505324237,-0.054857172742815895,-0.057943772901903744
0.425,-0.009748023951066593,-0.052494798780742716,-0.06231785843133479
0.4275,-0.019455895234481487,-0.04668628132563691,-0.06252418387759037
0.43,-0.028984156146480065,-0.03768833033460171,-0.059074722067098705
0.4325,-0.037878647512962514,-0.026010348530254787,-0.05267881927753494
0.435,-0.04565147045122362,-0.01238434748463776,-0.044175454669318194
0.4375,-0.05181892399043925,0.0022864260319375392,-0.03445942042460071
0.44,-0.055944337777101484,0.016996662723104003,-0.0244075284676802
0.4425,-0.05768192932320071,0.030720647406322504,-0.014810785474687022
0.445,-0.05681737195358657,0.042499668704075594,-0.006317830989666972
0.4475,-0.05330072472606858,0.05152759401821577,0.0006061385182615652
0.45,-0.04726777741335143,0.05722682782571434,0.0057021410177980295
0.4525,-0.03904668815575101,0.05930738512196364,0.008920673132730704
0.455,-0.02914798179889714,0.05780301434938327,0.010405954959019536
0.4575,-0.018237437234510802,0.05308011120559795,0.010463264495528942
0.46,-0.0070929947701533665,0.04581743299900176,0.009512886181663854
0.4625,0.003451588277060092,0.03695716173501471,0.008035289154844626
0.465,0.012572168822700533,0.027630450549618737,0.006512827305276309
0.4675,0.019523441933678467,0.019062988469742435,0.005373460674326042
0.47,0.02370596632377652,0.01246810843118353,0.004941722417679782
0.4725,0.024724825083514864,0.008936349310203654,0.005401425268677649
0.475,0.022434145732046176,0.009331020023206616,0.006773483146545638
0.4775,0.016962652169283682,0.014199122023775374,0.008910817441564823
0.48,0.008716866992925778,0.0237059582375118,0.01151074821377554
0.4825,-0.0016395842603971922,0.0375999595833908,0.014143676275779985
0.485,-0.013230046443731353,0.05521183386045765,0.01629538263251087
0.4875,-0.025029640359989447,0.07548928525592513,0.017419036131044688
0.49,-0.035946167364632395,0.09706550886734744,0.01699211570907571
0.4925,-0.04491081722580125,0.11835669868879767,0.014572996496902312
0.495,-0.0509712121130391,0.13768118368803067,0.009851957770257453
0.4975,-0.05337876699072786,0.15339076416421096,0.002691843067175708
0.5,-0.051662488643827546,0.1640035518061758,-0.00684550411462694
0.5025,-0.04568218731431016,0.16832724888901726,-0.018489671094342176
0.505,-0.03565558765038846,0.16556238422674205,-0.03177014820067366
0.5075,-0.022155888728148408,0.15537652172279168,-0.04604244630219301
0.51,-0.00607877187586765,0.1379427557322211,-0.06052992583631879
0.5125,0.011419515065487926,0.11393871742553378,-0.07437803262611808
0.515,0.029008785775880907,0.08450559255122343,-0.08671655022894223
0.5175,0.0452897405841417,0.05117001238598158,-0.0967247713317511
0.52,0.058908662091179814,0.015734834161037565,-0.10369422137696091
0.5225,0.06867251219185794,-0.019852502317374655,-0.10708375736836528
0.525,0.07365460973852933,-0.053643406170523975,-0.10656249491129385
0.5275,0.07328156226749863,-0.08383166793274956,-0.10203703021560002
0.53,0.06739344653106744,-0.10888535035698965,-0.09366073151927616
0.5325,0.0562712883781993,-0.12765624665668399,-0.08182436200737601
0.535,0.04062852257188224,-0.13945799699638045,-0.06712883516966983
0.5375,0.021566102258137456,-0.1441066057761732,-0.050342361910529654
0.54,0.0004940237974319945,-0.14192029536906747,-0.032345503240212715
0.5425,-0.020975032118613592,-0.13367908901862158,-0.014068588722486133
0.545,-0.04115172733961212,-0.12054793483543998,0.0035734773972046106
0.5475,-0.05840567935700681,-0.10397026499065962,0.01974386555511976
0.55,-0.0712995377809144,-0.08554135923859796,0.03373906570726497
0.5525,-0.07871029253349948,-0.06687253314696769,0.04503256376927498
0.555,-0.0799274332559895,-0.04945785507852727,0.053303815035177574
0.5575,-0.07471933466487071,-0.03455475411184349,0.0584506485679943
0.56,-0.0633617659437713,-0.02308854691188405,0.060584631941413926
0.5625,-0.04662550833839813,-0.015588706499854478,0.06001032659094737
0.565,-0.025723456160359554,-0.012161818737208138,0.05719065120821038
0.5675,-0.0022209841851157904,-0.012502881468049043,0.05270163734874315
0.57,0.02208350473986769,-0.01594319128803497,0.0471806225309377
0.5725,0.0452983575383844,-0.021529838235423895,0.041272324925986356
0.575,0.06558747834502751,-0.028129076121412782,0.03557725647397994
0.5775,0.08131601054203563,-0.0345437991122879,0.0306065682661098
0.58,0.09118090455601702,-0.0396342116712693,0.02674672606104904
0.5825,0.09431556841363735,-0.04243062602597368,0.024236455396837428
0.585,0.09035990902694094,-0.04222816621603945,0.023157266267872897
0.5875,0.07948993238232978,-0.038654917686597734,0.02343767024827007
0.59,0.06240443781630208,-0.03170757123909882,0.024870044347430526
0.5925,0.04026992730111753,-0.0217516378175275,0.027138074951306268
0.595,0.014628346502225609,-0.009486578264936714,0.0298519155444948
0.5975,-0.012724621787831219,0.004120598302283634,0.03258767458189945
0.6,-0.03988054825499938,0.017926853739572705,0.03492764863816533
0.6025,-0.06496679776237556,0.030721091153767238,0.036497835127767886
0.605,-0.08629032416166056,0.04133846529839699,0.03699967395960622
0.6075,-0.1024649169611466,0.048770412728128015,0.03623362838356311
0.61,-0.11251160180541936,0.05226024724304402,0.034113051814679246
0.6125,-0.11592427729108579,0.05137555853011112,0.03066771644827486
0.615,-0.11269571637276057,0.04605083756581265,0.026037313046138107
0.6175,-0.10330250195644408,0.036596526293242844,0.02045608489478104
0.62,-0.08865099931662833,0.023673793681906374,0.014230459299363656
0.6225,-0.0699897815291624,0.00823748907553324,0.007712031329233804
0.625,-0.04879672753604706,-0.008547372108627499,0.0012685031956920986
0.6275,-0.026651061612469176,-0.025407840484859584,-0.004744820715019129
0.63,-0.005101722071509865,-0.0410745638328301,-0.010010623628397585
0.6325,0.014456455820533785,-0.05439240399252241,-0.014270332439507717
0.635,0.030888182309949382,-0.06442007362678315,-0.017338708951870625
0.6375,0.043396074809855856,-0.07050979671295046,-0.019111613778456642
0.64,0.051565841088889446,-0.0723598846382368,-0.01956696018611019
0.6425,0.05537530669107693,-0.07003564734274377,-0.018759498855069705
0.645,0.055167653933594914,-0.06395698967081861,-0.016810583873334697
0.6475,0.05159250251839692,-0.05485410494349657,-0.013894421600826046
0.65,0.04552134545394939,-0.043695588400475126,-0.010222471973130668
0.6525,0.03794609781151621,-0.03159578596849512,-0.006027651200285445
0.655,0.029870919034397914,-0.01971004240504479,-0.0015497904008776135
0.6575,0.02220790950195113,-0.009127551703509304,0.0029765311169193107
0.66,0.015686725515983064,-0.0007716519300024818,0.00733109044683
0.6625,0.010786662633620282,0.004683359860969132,0.0113138483717585
0.665,0.0076974706258762194,0.006871411990153213,0.014747740925292723
0.6675,0.006312302535253504,0.005764631432109959,0.017479065217617898
0.67,0.006253036235839502,0.0016716267656394768,0.01937636619820368
0.6725,0.006925037995330155,-0.004795461887562361,0.020328866483935684
0.675,0.007595562100380915,-0.012781819099866325,0.020245462942916032
0.6775,0.0074876691503780275,-0.0212728514510345,0.019055146662577818
0.68,0.005880015784269445,-0.029191285368428427,0.01670940965578546
0.6825,0.0022022649112730295,-0.03549938999341984,0.013186819105217703
0.685,-0.0038837540772802925,-0.03929686286871546,0.008499515440193037
0.6875,-0.01242567522723698,-0.039905406125023725,0.002700976582443747
0.69,-0.023151398870041626,-0.036932334225278626,-0.0041059607824098215
0.6925,-0.03547266678803142,-0.030307562225992422,-0.011762075376298167
0.695,-0.048521859576197666,-0.020290833647360673,-0.0200470841856556
0.6975,-0.061219245622735494,-0.007448822163487398,-0.028678606204749307
0.7,-0.07236492267358458,0.007395478349602298,-0.037315834559889106
0.7025,-0.08074721910010611,0.023236133308637295,-0.04556861218084961
0.705,-0.08525759869905138,0.038973431724719884,-0.05301211878835404
0.7075,-0.08500130732107745,0.05351047780192506,-0.05920682045826024
0.71,-0.07939319452767885,0.06584827027264722,-0.06372276225481008
0.7125,-0.06822932897074464,0.07517058462843416,-0.06616675766875423
0.715,-0.05172710043244239,0.08091103244830478,-0.0662106016665444
0.7175,-0.03052927965368263,0.08279642814847059,-0.06361815471940398
0.72,-0.005670738183164917,0.08086287528813844,-0.058269047815506986
0.7225,0.02149007987162106,0.07544357310945876,-0.05017686097760168
0.725,0.04936960484583856,0.0671299936488697,-0.03949992920485824
0.7275,0.07627939117429879,0.05671054149987971,-0.02654340998802494
0.73,0.10055797636123046,0.045092853075809645,-0.01175186818094722
0.7325,0.12070298327742193,0.03321733227091511,0.004307654410461754
0.735,0.13549194499223247,0.021970225619855774,0.020971376589011315
0.7375,0.14408121504631338,0.012104453558768147,0.03751190876238875
0.74,0.1460741741604112,0.004175551598504938,0.053176755262287455
0.7425,0.14155259443286292,-0.0015014743569474337,0.06722970846029608
0.745,0.13106823796408917,-0.004870657066523722,0.07899238931426632
0.7475,0.11559526009112076,-0.006127633106173134,0.08788313834189758
0.75,0.09644744344395015,-0.005687467171694348,0.09345063013033544
0.7525,0.07516739583072632,-0.00413130826860042,0.09539995851267395
0.755,0.053397321534181495,-0.0021374541018602863,0.09360948578553856
0.7575,0.03274259767407373,-0.00040384938958113256,0.088137420474313
0.76,0.014640007792648946,0.00043019499354389956,0.0792178267481507
0.7625,0.000242047369630057,-0.00014473008668685852,0.06724651256095754
0.765,-0.009672739941668198,-0.002450923102161683,0.05275793198390318
0.7675,-0.014755779160239565,-0.006586046585364201,0.03639481571605412
0.77,-0.01510623491097514,-0.01240895356090423,0.018872669604899684
0.7725,-0.011249356244689507,-0.01955023210836725,0.0009415264259249531
0.775,-0.004077726465897771,-0.02744640997679076,-0.016652609501985476
0.7775,0.005238963986406675,-0.035394446701175676,-0.033204315301460376
0.78,0.015367236961043727,-0.04262115770253691,-0.04808128213625103
0.7825,0.02493585541250448,-0.04836075246533452,-0.06075122669382296
0.785,0.03266312637299543,-0.051932865963089464,-0.0708020788511673
0.7875,0.03747402758612941,-0.05281339474290922,-0.07795487258066558
0.79,0.038596725757337094,-0.05069112203229187,-0.08206928050497525
0.7925,0.03563000916548483,-0.045504464990046206,-0.08314218702771388
0.795,0.028575866336973437,-0.03745457277250362,-0.08130005789720483
0.7975,0.01783465550640874,-0.02699326568302531,-0.07678611510762685
0.8,0.0041637317086289935,-0.014786718065438782,-0.06994345868208848
0.8025,-0.011396283168763788,-0.0016581214502714675,-0.06119529810963102
0.805,-0.02762048904955172,0.011485401977316078,-0.0510233847745854
0.8075,-0.0432146126391313,0.023734825489761167,-0.03994560009384465
0.81,-0.05693511213704675,0.034262473492513615,-0.02849348451019155
0.8125,-0.06770338140329805,0.04239862313184184,-0.017190322603872283
0.815,-0.07470358925116272,0.047694138695532434,-0.006530258065050774
0.8175,-0.07745528091215222,0.049963088102580204,0.0030411798870462383
0.82,-0.07585426398986726,0.04930112803628762,0.011144789269213081
0.8225,-0.07017827591095592,0.04607768534772577,0.017483271416571116
0.825,-0.061057207466734736,0.04090239843527133,0.02185422218920378
0.8275,-0.04941093455549416,0.034568686360339614,0.024159994830949712
0.83,-0.036360786220084096,0.02797946145817625,0.024413802602385043
0.8325,-0.0231230792485594,0.022061692991500265,0.022741380489683726
0.835,-0.010894759757985437,0.01767760728298313,0.01937754701254482
0.8375,-0.0007418659855796555,0.015540673092802021,0.014657123942742684
0.84,0.006498793542213505,0.016144135370840067,0.008999897544019995
0.8425,0.010295631996646896,0.01970876077361063,0.0028896400156540533
0.845,0.010468948912552548,0.026154745213819195,-0.003152360882214763
0.8475,0.007204025451037465,0.035100564272488026,-0.008598322758461853
0.85,0.0010295452186234876,0.045889120276122,-0.012948084992933437
0.8525,-0.007236536477484282,0.0576390771364327,-0.01576438414046853
0.855,-0.016568531148561876,0.06931700023903066,-0.016706960260053593
0.8575,-0.025834283317235973,0.07982404031663268,-0.015562919901715247
0.86,-0.03390666443240745,0.08808958702480708,-0.012270728204158267
0.8625,-0.03977485619823106,0.09316368725742404,-0.006935375444304308
0.865,-0.04264501149681945,0.09430012976161643,0.0001673236209977667
0.8675,-0.04202086680360983,0.09102292864313878,0.008598694984988735
0.87,-0.03775673130423049,0.08317041543509948,0.017777989870277046
0.8725,-0.03007782216765974,0.0709131359438612,0.027015557997121176
0.875,-0.019565917168337922,0.05474406226118787,0.03555692705775121
0.8775,-0.007111478747870699,0.035442062028453514,0.04263527594284787
0.88,0.006163524020498099,0.014011897241786206,0.04752887708024554
0.8825,0.01900518749544189,-0.008393954299110953,0.04961938162646809
0.885,0.030140683855162068,-0.03056482833878427,0.04844641140373201
0.8875,0.038394524568075475,-0.05132501381443825,0.043753864300556194
0.89,0.04279758882532762,-0.0696225427364519,0.03552366870074583
0.8925,0.04267907612284748,-0.08460615640183494,0.02399343807639583
0.895,0.03773307657751291,-0.095684113592325,0.00965554492233214
0.8975,0.028053730648039597,-0.10256018879813547,-0.0067635146423439705
0.9,0.014135761651499372,-0.10524427580890575,-0.02434305640400813
0.9025,-0.0031597472516498573,-0.10403727389616423,-0.04202543216856598
0.905,-0.02267137539080936,-0.09949218527853977,-0.0586869985754267
0.9075,-0.04302942704037809,-0.09235539276067982,-0.073217960685518
0.91,-0.06276600342845182,-0.08349373681887112,-0.08460522658994964
0.9125,-0.08043351374960318,-0.07381413155565184,-0.09201185136286974
0.915,-0.09472137783642298,-0.0641829586782471,-0.09484659770210147
0.9175,-0.10456091201645114,-0.05535232532331536,-0.09281762698566415
0.92,-0.1092095134269684,-0.0478994919624926,-0.08596534335820573
0.9225,-0.1083071562990462,-0.04218445349960687,-0.07467088390062265
0.925,-0.1019007074128935,-0.038328920049712244,-0.059638576196233174
0.9275,-0.09043442645022083,-0.0362179583735897,-0.04185273143919756
0.93,-0.07470797973336801,-0.03552350402647946,-0.02251124260520141
0.9325,-0.05580609636544077,-0.035747023281575245,-0.0029404376730549063
0.935,-0.035006386029975634,-0.03627696305206105,0.015502674527561405
0.9375,-0.013673610396161823,-0.0364554163915332,0.03153338693573912
0.94,0.006850293013176328,-0.035647748481943256,0.04403945210562789
0.9425,0.025350971034693415,-0.03330882096391088,0.05217033117556197
0.945,0.040832412397957034,-0.029039915434505688,0.055408086543203866
0.9475,0.052586356573921335,-0.022631432973976375,0.0536137429623648
0.95,0.06023506762153706,-0.014087833886421935,0.04704476208731492
0.9525,0.0637446667579849,-0.003632944354682159,0.03634150742522354
0.955,0.06340888487964418,0.008304462605208687,0.022483044732213058
0.9575,0.05980570599995275,0.021123168640848584,0.006715126723421683
0.96,0.05373168975810923,0.03409691358782239,-0.009544458134383678
0.9625,0.046120582840380946,0.04643231304165014,-0.02481603430631961
0.965,0.037954002319116546,0.05733212076656737,-0.03767513299930143
0.9675,0.030172408584190777,0.06605836654364483,-0.04686723996792984
0.97,0.02359426183672841,0.07199009002798974,-0.05141091860546658
0.9725,0.018850224621335204,0.07467103555071554,-0.05068080733902053
0.975,0.016337648440810426,0.07384369585324904,-0.04446348307103404
0.9775,0.01619853214926258,0.06946738729006927,-0.032981278438993844
0.98,0.018321866004573684,0.06171947755529559,-0.016881675367564655
0.9825,0.022368996106024722,0.05098033427306989,0.0028073336776151905
0.985,0.02781857241439029,0.037803888875238584,0.02475274960183614
0.9875,0.034025967514460714,0.022876802284610896,0.04741721751000554
0.99,0.0402909183198343,0.006969991265923116,0.06917699535834147
0.9925,0.04592663951426944,-0.009113324956341352,0.0884479220876431
0.995,0.05032381370035236,-0.024588883680871997,0.10380933033476984
0.9975,0.053003643314460114,-0.03873811856397564,0.1141159340210727
1.0,0.0536554588590449,-0.050947213615782236,0.1185886285776616
1.0025,0.05215607395311548,-0.060736190184380305,0.1168768024563534
1.005,0.04856998357514425,-0.06777676074355865,0.10908703994915643
1.0075,0.043131425347430224,-0.07189872348088593,0.09577581092255133
1.01,0.03621107566791381,-0.07308563709728379,0.0779066687156946
1.0125,0.02827156534857054,-0.07146131995447717,0.056775369966472866
1.015,0.019816943026075628,-0.06726929771113378,0.03390894789753464
1.0175,0.011341608257409281,-0.060847642002292174,0.010946894167507023
1.02,0.0032840555761531735,-0.052601692074703034,-0.01048594469987168
1.0225,-0.004009950742762584,-0.04297695262723011,-0.028904494173274543
1.025,-0.010311327123247007,-0.03243406010723922,-0.043076533565640694
1.0275,-0.015516801448370655,-0.02142717043655542,-0.052114691777838645
1.03,-0.019642941281143883,-0.010386518032461071,-0.055540089255254194
1.0325,-0.02280644718637345,0.000294694875732442,-0.0533127279088248
1.035,-0.025193547418524767,0.01026942915280455,-0.045826495674223436
1.0375,-0.027022467651572023,0.01924268395056592,-0.033869579162378614
1.04,-0.028503642040166862,0.026975043303969732,-0.018553919761246873
1.0425,-0.029802512917026174,0.03328484257791891,-0.0012198668976969962
1.045,-0.0310094221043487,0.03804975533846194,0.016675833261139132
1.0475,-0.032120267388838594,0.0412083181214719,0.03367928842907867
1.05,-0.03303037294946416,0.042761542973931636,0.04845603913589434
1.0525,-0.03354253235972129,0.04277437644898758,0.059895405084743274
1.055,-0.03338858396780298,0.04137641233190759,0.06719418724267377
1.0575,-0.03226233863436027,0.03876101170956479,0.06991315752616543
1.06,-0.029860360547405457,0.03518187332572908,0.06800214261591338
1.0625,-0.025926142319774696,0.030946156272028756,0.06179220696485955
1.065,-0.020292718560215695,0.026403490626266984,0.05195622934343794
1.0675,-0.012918783527381813,0.02193060116080583,0.03944180866094199
1.07,-0.003913921715641711,0.017911774649153552,0.02538270480163182
1.0725,0.0064504243673498135,0.014715965178422882,0.01099672961444078
1.075,0.017746235300017166,0.012671885745512285,-0.002520986862594774
1.0775,0.02941080345424593,0.012042906478406104,-0.014100196374373937
1.08,0.04078388487860682,0.013003903327928145,-0.022884592132349873
1.0825,0.05115716204781427,0.015622322361045141,-0.02830040058158307
1.085,0.05983171601132806,0.019845610133233944,-0.03009906243465501
1.0875,0.0661782555343771,0.025496801091843792,-0.028370879342047055
1.09,0.06969439969011838,0.032279466694239894,-0.02352904936255986
1.0925,0.07005341239161715,0.03979246248009297,-0.01626606532510475
1.095,0.0671394420372495,0.04755402617720776,-0.007486784777505651
1.0975,0.06106547200283273,0.05503386623214028,0.001775599726869147
1.1,0.052171733991847546,0.06169102863873618,0.010453114727515606
1.1025,0.0410041324506133,0.06701463234266997,0.017537842463772598
1.105,0.028274104564336978,0.07056410089897394,0.02216985673638574
1.1075,0.014803117208792056,0.07200535183683225,0.02371083979264936
1.11,0.0014565075998351526,0.07113956973240182,0.021797353181450433
1.1125,-0.01092753960315311,0.06792168690825355,0.016369619266063208
1.115,-0.02160752858506642,0.062466496075457116,0.007673872131755968
1.1175,-0.030000382986246247,0.05504135938677615,-0.0037613418590387664
1.12,-0.035729675712579914,0.04604566868650695,-0.017172298051751293
1.1225,-0.03865582766585508,0.03597844364228997,-0.03162609032319587
1.125,-0.03888534714083344,0.02539661043044534,-0.04609940788827049
1.1275,-0.03675807486612651,0.014867468641807803,-0.05956306514076479
1.13,-0.03281340946365654,0.004919526912777634,-0.07106495009606159
1.1325,-0.027738427533648753,-0.004003808285299886,-0.07980439777356575
1.135,-0.022302500014496695,-0.011583315140543901,-0.0851919377561724
1.1375,-0.01728428276745908,-0.01765196195669698,-0.08688981162024395
1.1400000000000001,-0.013397702909236475,-0.02220889817676476,-0.08483046484609759
1.1425,-0.011223700830401768,-0.02541771529865214,-0.07921221913421646
1.145,-0.011154004799463404,-0.02758868917422187,-0.07047334164112704
1.1475,-0.013352152107935293,-0.029146219139968448,-0.05924756808729388
1.15,-0.017735423516044325,-0.030584119864199715,-0.04630564734749962
1.1525,-0.02397946724999504,-0.03241265988473018,-0.03248853014750223
1.155,-0.03154532811843083,-0.03510215257559548,-0.01863834237970273
1.1575,-0.039726555687365106,-0.03902839390836987,-0.005533233583044487
1.16,-0.04771223058387445,-0.0444252472573189,0.006168405070684153
1.1625,-0.05466028860381116,-0.05134918298541315,0.01596993061459807
1.165,-0.05977457242993304,-0.059659620662064906,0.02356165814577547
1.1675,-0.06237868740276601,-0.06901757053597637,0.02882795845673017
1.17,-0.061980012839656186,-0.07890344336842872,0.031836628505484826
1.1724999999999999,-0.0583180978782784,-0.08865313814247218,0.03281253855022226
1.175,-0.051393069408617445,-0.09750978603244373,0.03209893310490557
1.1775,-0.0414714704175206,-0.10468698848232606,0.030110770613727814
1.18,-0.029068965574275196,-0.10943818584249469,0.027285045962705562
1.1825,-0.014911412581637945,-0.1111260514361416,0.02403311177444242
1.185,0.00012228481041286866,-0.10928560503697379,0.02069960664512929
1.1875,0.015070526318005551,-0.10367511211549624,0.01753176369621684
1.19,0.028966411765780232,-0.09430976101460721,0.01466170251708971
1.1925,0.040915449822318706,-0.08147451789582459,0.012102922660159601
1.195,0.05016687163781512,-0.06571433114499142,0.009760755571877642
1.1975,0.056172469030407374,-0.047801839044720344,0.00745513640244029
1.2,0.05862803949300533,-0.028684750368634878,0.004952860156348119
1.2025000000000001,0.05749410718232358,-0.009416933845451681,0.002005598820052555
1.205,0.052994451190593865,0.008921204028180989,-0.0016105438423019063
1.2075,0.04559293748832828,0.025306399527159365,-0.006058235267245451
1.21,0.0359510396005504,0.03885311984732942,-0.011408816497223506
1.2125,0.02487007560384606,0.04888404291142561,-0.017622108671149227
1.215,0.01322344088749181,0.05498417895037158,-0.02453828675952351
1.2175,0.0018848710351658782,0.05703372274164308,-0.03188274420673157
1.22,-0.008341031595390923,0.05521652507644229,-0.03928355829157193
1.2225,-0.016780137019056455,0.05000317715462324,-0.04629990647254831
1.225,-0.022937001726635074,0.04210992656425095,-0.05245870004267769
1.2275,-0.026526271366552414,0.03243678914106828,-0.057295895534146324
1.23,-0.02748518505504253,0.0219900926685738,-0.060398490610938466
1.2325,-0.02596683478800642,0.011796113776262978,-0.061443148830687695
1.2349999999999999,-0.02231555124439555,0.0028133146137740545,-0.06022772765693018
1.2375,-0.017027324902339182,-0.004149131900045592,-0.0566926698211431
1.24,-0.010699392011484699,-0.008499343810314296,-0.050930189369585425
1.2425,-0.003973914999509159,-0.009911226851288403,-0.043180343948360955
1.245,0.0025189949096590387,-0.00834913702440892,-0.033814320844474055
1.2475,0.008213842774966148,-0.004066484523056176,-0.02330645715112064
1.25,0.012653472809772612,0.0024216255780423576,-0.012197551126139319
1.2525,0.015520545330063527,0.010389292962035392,-0.0010528058674373582
1.255,0.01665466505615358,0.0189697143035358,0.00958179314590796
1.2575,0.016054499538073058,0.027237791788232612,0.01922076737948202
1.26,0.013865664678030099,0.03429800847140004,0.027474471077577663
1.2625,0.010356450223084812,0.03936961331757328,0.03407542771500157
1.2650000000000001,0.0058844909717906705,0.041861366884550846,0.038893528660194625
1.2675,0.000858168280892251,0.041429008345367196,0.04193900859641914
1.27,-0.004303201727599983,0.03801013786564216,0.043353256890793744
1.2725,-0.009206482735134885,0.03183323012308949,0.043388640612758295
1.275,-0.013515756907990575,0.0233998246172092,0.042379498034757476
1.2775,-0.016974757010913836,0.013441366940990324,0.04070722053087573
1.28,-0.019419225337825637,0.0028544827541148133,0.03876280819132671
1.2825,-0.02077889366537141,-0.007379557068685088,0.03691042170140656
1.285,-0.021069910068246555,-0.016283956717668156,0.03545525395048932
1.2875,-0.0203795214675215,-0.02297606009750539,0.03461853568612132
1.29,-0.01884555461960075,-0.02674942573789531,0.03452172586130643
1.2925,-0.01663365130326818,-0.027140821344680977,0.03518099813123522
1.295,-0.013915270204187912,-0.02397597248276989,0.03651211463353433
1.2974999999999999,-0.010849172223937607,-0.017389789551123934,0.03834477712905388
1.3,-0.007568499881392704,-0.007819082579338879,0.04044466034835125
1.3025,-0.0041747208931677835,0.0040317510700397016,0.042540646395924586
1.305,-0.0007387318306682896,0.01724913890761241,0.04435435468712288
1.3075,0.0026915749902465588,0.03078773109755742,0.04562893475019073
1.31,0.00607887280992281,0.043559936500425896,0.04615426514984264
1.3125,0.009381372045383493,0.05452962959888949,0.04578615674708017
1.315,0.012537888022442188,0.06280165745872741,0.04445784144882607
1.3175,0.015455755793982888,0.06769912802982433,0.04218286588906766
1.32,0.018004055918943437,0.06882153945516613,0.039049416392547096
1.3225,0.020014001481119495,0.06607851923546593,0.0352069850369934
1.325,0.0212874596963683,0.05969612916924529,0.030847058411417147
1.3275000000000001,0.021613535520492295,0.050195160208756806,0.02618009501990008
1.33,0.020792045632568923,0.03834336790684647,0.021411398273953604
1.3325,0.018661684475281493,0.02508595520332233,0.01671855882095595
1.335,0.015129851405327225,0.011460580936111566,0.012232929578922724
1.3375,0.01020057428980272,-0.0014954200633946271,0.008027134095549157
1.34,0.003996806374774598,-0.012837205207496677,0.004109943542825001
1.3425,-0.0032263712832056096,-0.02179562628109103,0.00042905940537610966
1.345,-0.011080444166484604,-0.02784391448065014,-0.003118510012957082
1.3475,-0.019055830443900353,-0.030741787956437158,-0.006669604138703637
1.35,-0.026548392998554656,-0.030552966024802345,-0.010373415366880717
1.3525,-0.0328991179559413,-0.027634489155465066,-0.01436767129023862
1.355,-0.03744451692394097,-0.02259881148194395,-0.018755088260245443
1.3575,-0.039573987139997706,-0.01625212084816568,-0.023582693656324698
1.3599999999999999,-0.03878932426859594,-0.009514524721021716,-0.028826352515973257
1.3625,-0.03476094804803644,-0.0033294199960154248,-0.03438233433286375
1.365,-0.027375257934806996,0.001429612982716088,-0.04006706806989601
1.3675,-0.016767926279564388,0.004045781905428605,-0.0456254263985816
1.37,-0.0033388519025918197,0.0040318189651063485,-0.05074703401605508
1.3725,0.012254122727680209,0.0011816285298201087,-0.05508929326297379
1.375,0.02912388962319628,-0.004404133259471335,-0.058305142039667
1.3775,0.046204358470885346,-0.012321189956916924,-0.06007307052138397
1.38,0.06231956669233108,-0.021893540239697026,-0.06012667173311136
1.3825,0.0762669944887057,-0.032231557687880316,-0.05828101045598591
1.385,0.08690894033344485,-0.04231133455899004,-0.054453363296189834
1.3875,0.0932647642805593,-0.051068336179504785,-0.048676382836518026
1.3900000000000001,0.09459634816502582,-0.05749706575890909,-0.0411024209695194
1.3925,0.09047931832843792,-0.06074780382008558,-0.031998543796843096
1.395,0.08085343526808307,-0.06021164235447478,-0.021732605305160434
1.3975,0.06604702296438676,-0.055585971453224046,-0.01075153899059056
1.4,0.0467722792238873,-0.04691421641841215,0.00044629957977766635
1.4025,0.0240906196169214,-0.03459582474272884,0.011342413385557666
1.405,-0.0006503310960473546,-0.019365073509379358,0.021430474095666903
1.4075,-0.02590408571145936,-0.0022399843724240213,0.0302470469019001
1.41,-0.05003083622231627,0.015554742198442379,0.03739833749562484
1.4125,-0.0714133809635415,0.032684559093901305,0.042581007297896274
1.415,-0.08857457909324833,0.04781367800485602,0.04559571004108086
1.4175,-0.10028714592879809,0.0597163562163078,0.046352714224231636
1.42,-0.10566703656938137,0.06738145126813126,0.04486971872943209
1.4224999999999999,-0.10424283708360672,0.07010131509271283,0.041262668213529495
1.425,-0.0959954032394121,0.06753735051040889,0.03573096194183815
1.4275,-0.0813643095319852,0.059756463639030345,0.028538868567779447
1.43,-0.06122030402343552,0.04723505232501443,0.019995172527346762
1.4325,-0.036805686369310114,0.03082986726562946,0.01043306988355929
1.435,-0.00964710698950646,0.011717838892672182,0.00019211077740362257
1.4375,0.018552494979650752,-0.008690455107752518,-0.010396417333328157
1.44,0.046034427978612416,-0.02885681798431491,-0.021019807197452636
1.4425,0.07110789502119534,-0.04723248208815655,-0.031389696933265314
1.445,0.09226718677147273,-0.06237679928497449,-0.041243634633938736
1.4475,0.10829344609840189,-0.07306807592038167,-0.05034332941289304
1.45,0.1183333577229989,-0.07839772166853334,-0.05847088013084681
1.4525000000000001,0.12194906626920882,-0.07784027368173703,-0.06542449985076892
1.455,0.11913602708412761,-0.07129385183931974,-0.07101527676952976
1.4575,0.11030813825689854,-0.05908802510200642,-0.07506632718085401
1.46,0.09625216132589072,-0.04195871618426629,-0.07741532265382643
1.4625,0.07805588481496056,-0.02099241886811961,-0.07792085346589539
1.465,0.057016512319698155,0.002455570798490575,-0.07647248233498315
1.4675,0.034537197633741225,0.02686219981329905,-0.07300371702704736
1.47,0.012020389123091836,0.05064884068094872,-0.06750656190457659
1.4725,-0.009233366851539089,0.0722957292218039,-0.06004586745003169
1.475,-0.02811326220675013,0.090449769762318,-0.050771442134418025
1.4775,-0.04376620565694635,0.1040175359673171,-0.03992586327772626
1.48,-0.055640367426857865,0.11223665980807536,-0.027846140091648885
1.4825,-0.06350197167936109,0.11472068604355255,-0.01495783435013098
1.4849999999999999,-0.06742540384568006,0.11147470673525561,-0.0017608976403641749
1.4875,-0.06775899820605205,0.10288148553355278,0.011192718802142388
1.49,-0.06507087837418674,0.08966013193169901,0.023328760904978506
1.4925,-0.06008076704088481,0.07280149742787395,0.03408590877691911
1.495,-0.05358463463382527,0.05348616985838971,0.042954050224740366
1.4975,-0.04637934952957576,0.03299210942301602,0.04951254098766393
1.5,-0.03919411759387534,0.012599519643977519,0.053465114659110365
1.5025,-0.032634510687376106,-0.006499547012877472,0.05466812188860709
1.505,-0.027143392887440134,-0.02328005608155868,0.05314911600520109
1.5074999999999998,-0.022981214783881612,-0.03694577707650661,0.04911344691155513
1.51,-0.020226144944658492,-0.04697008249592101,0.04293743249655077
1.5125,-0.01879253965145415,-0.05311375472258005,0.03514777485848596
1.5150000000000001,-0.018464506134192482,-0.05541977857322608,0.026388083611539555
1.5175,-0.0189399544985009,-0.05418698964456975,0.01737455329317602
1.52,-0.019879682612263545,-0.049926092056672956,0.008843905524772721
1.5225,-0.020955767948045045,-0.04330282265802504,0.0014975449447268134
1.525,-0.02189386436913075,-0.03507382921968535,-0.0040535963066814775
1.5274999999999999,-0.02250487512920191,-0.026021099572926046,-0.007338899331531802
1.53,-0.022702797398866416,-0.016890526728609224,-0.008068210549810622
1.5325,-0.022507166473150642,-0.008339467607793,-0.0061585806589882575
1.5350000000000001,-0.02203029830742015,-0.0008970364838863426,-0.0017448693772495242
1.5375,-0.021451253836397736,0.005060513609301217,0.004827224847613276
1.54,-0.020979950204767773,0.009318489812813305,0.0130256983696077
1.5425,-0.02081596846281225,0.011817217985966286,0.022172825833270935
1.545,-0.021107238793189147,0.012632302707778582,0.03149886151667689
1.5474999999999999,-0.021913857073812215,0.011944825905044379,0.04020471815954852
1.55,-0.023181790978100757,0.010005359535036987,0.04752859773216526
1.5525,-0.024730217600894618,0.007095995552471958,0.052811073163701115
1.5550000000000002,-0.026254798240152644,0.003494500495949283,0.055553106701242326
1.5575,-0.027347482939842793,-0.0005557906553030739,0.055461951909833634
1.56,-0.02753162026770964,-0.0048675528275857706,0.05248079322948402
1.5625,-0.026309411384080297,-0.009320799600963867,0.04679926041298049
1.565,-0.023217270743231037,-0.013863435061796847,0.03884351147596789
1.5675,-0.017883594279835765,-0.01850170204392695,0.029246277459445757
1.5699999999999998,-0.010082906250563083,-0.023282287805758112,0.01879896092562176
1.5725,0.00021957615791633807,-0.028268718182280023,0.008389430962286575
1.575,0.012838247739745757,-0.033515242074598155,-0.0010695755290379574
1.5775000000000001,0.027356348965446017,-0.039041629167835996,-0.008715666637991646
1.58,0.0431365116441142,-0.04481215935077844,-0.013809450259392356
1.5825,0.059353027532871756,-0.050721592637382414,-0.015798583485677045
1.585,0.07504416613110164,-0.05659012699421908,-0.014367806210268248
1.5875,0.08918086868109924,-0.062168359661503574,-0.009470648895961158
1.5899999999999999,0.10074642557112709,-0.06715216630410502,-0.0013399783641454177
1.5925,0.10882047505255836,-0.07120631249404158,0.00952372972580852
1.595,0.11265997431578702,-0.07399462370449421,0.022385672468578536
1.5975000000000001,0.11176976907859162,-0.07521376209506496,0.036329054909929576
1.6,0.10595604390210601,-0.07462716931388759,0.0503223980484953
1.6025,0.0953572281854072,-0.07209558496508864,0.06329649418779686
1.605,0.08044875788472197,-0.06760075844693901,0.07422488144126321
1.6075,0.06202029495973428,-0.06125952159556249,0.08220141674317222
1.6099999999999999,0.04112639239979979,-0.05332623240723026,0.08650876911471031
1.6125,0.019013949322248494,-0.044182659405167475,0.08667241077718478
1.615,-0.002968085806246906,-0.034315554300269294,0.08249588755823863
1.6175000000000002,-0.02346963029817453,-0.024283347783373533,0.07407469821527948
1.62,-0.0412427878585413,-0.014674487946722306,0.06178787199985648
1.6225,-0.055238984879896265,-0.0060608196300912555,0.04626815475155911
1.625,-0.06469170231911817,0.0010500096157947066,0.02835344148410899
1.6275,-0.06917767698637073,0.006258895105812895,0.009023582420362244
1.63,-0.06865117657562096,0.009312293948904113,-0.01067218389032405
1.6324999999999998,-0.06344817429653526,0.010128357067152155,-0.029691243674098998
1.635,-0.05425977078764021,0.008809466855969958,-0.04707097238701224
1.6375,-0.04207681400589052,0.005639590741216221,-0.061993699572864
1.6400000000000001,-0.028110124061490174,0.0010661488666367446,-0.07383834211537868
1.6425,-0.013692823123079923,-0.0043325586831762415,-0.08221499025786666
1.645,-0.00017281518573837161,-0.009892031232010125,-0.08698023377268307
1.6475,0.011195680978668557,-0.014914904122159338,-0.08823267137954283
1.65,0.01935254744826308,-0.018728651769478827,-0.08628970996913014
1.6524999999999999,0.02351581200257602,-0.020742877149152645,-0.08164828825460801
1.655,0.023242397441781765,-0.020501319724283044,-0.07493342340214797
1.6575,0.018460639608343588,-0.017724042007913252,-0.06683937572128118
1.6600000000000001,0.009472047982148258,-0.012335978596341788,-0.058068686525223824
1.6625,-0.003077597712222019,-0.004479095752509331,-0.049274338362289796
1.665,-0.01825512084580814,0.005493270267955132,-0.04100982708009056
1.6675,-0.03491974219009201,0.01703985962454516,-0.03369107341244166
1.67,-0.05181884125456899,0.029471188654714434,-0.027572924089868684
1.6724999999999999,-0.0676914396450315,0.04200257582137958,-0.02274161094820779
1.675,-0.08137059320383976,0.05381638889471407,-0.019123078659098076
1.6775,-0.09187607895366226,0.06412855090653743,-0.016505688753091986
1.6800000000000002,-0.09848970623159307,0.07225388201645555,-0.014574582645131262
1.6825,-0.10080717991934433,0.07766483590622487,-0.012954043496498984
1.685,-0.09876255113157545,0.08003862131076432,-0.011253612108398927
1.6875,-0.0926237170306394,0.07928855322976103,-0.009113527620429251
1.69,-0.08295995987816636,0.0755766904450204,-0.006245284392828484
1.6925,-0.07058492219638413,0.0693062920692501,-0.0024636901696517706
1.6949999999999998,-0.0564804891082956,0.061094248942660925,0.002292287406064721
1.6975,-0.04170861132640844,0.051725285200153605,0.007951479713355521
1.7,-0.027319021038008307,0.04209124766952201,0.014315647346664044
1.7025000000000001,-0.014260995030469693,0.03312008019739178,0.021076925926039877
1.705,-0.0033067965055915477,0.02570000896150602,0.027845628273191165
1.7075,0.005006764295565287,0.02060496281812014,0.03418555544667675
1.71,0.010413954605017005,0.01842727312556943,0.039653371038506795
1.7125,0.01293036571599632,0.01952323163930405,0.043838331082456765
1.7149999999999999,0.012837543793254589,0.02397616342169761,0.046398749341906374
1.7175,0.010644072952085155,0.0315803617072259,0.047091995229758335
1.72,0.00702725813032664,0.04184763275034383,0.04579551961758327
1.7225000000000001,0.002761224267115527,0.0540364346384534,0.04251730807055127
1.725,-0.0013616378455295899,0.06720180333388096,0.037395180294199686
1.7275,-0.004608482557285114,0.08026258403807399,0.030685389497173275
1.73,-0.006375895107142232,0.09208106102130016,0.022741928265107843
1.7325,-0.0062455355729617015,0.10154902064765345,0.01398873153655066
1.7349999999999999,-0.004020653086300835,0.10767367896348685,0.004887514304494264
1.7375,0.00025956407299536463,0.10965681030657469,-0.004095751539197924
1.74,0.006328733454399378,0.10696084062532281,-0.012522745250780206
1.7425000000000002,0.013723891742939243,0.09935659107753297,-0.020010423958918666
1.745,0.021834735830677153,0.08694870710057964,-0.026252252130952884
1.7475,0.029966563716591347,0.07017648410872195,-0.031031645722513098
1.75,0.037410776903235105,0.0497896750792284,-0.03422707005971692
1.7525,0.043516177662963666,0.026800792428406925,-0.03580907111572399
1.755,0.047754298971903024,0.0024172460533342793,-0.03583028950343723
1.7574999999999998,0.049772634163877186,-0.022041753196844347,-0.03441013035511839
1.76,0.049430822403889185,-0.04523737672322627,-0.031716182260623435
1.7625,0.04681647932029755,-0.06590554901824444,-0.027944658799930126
1.7650000000000001,0.04223928452849974,-0.0829463862239527,-0.023302066517393704
1.7675,0.036203969469045055,-0.0955019133476452,-0.01798999895370959
1.77,0.02936480202567041,-0.10301613187195124,-0.012194456966140084
1.7725,0.022465860051291104,-0.10527283647144485,-0.006080459893968081
1.775,0.01627267096547765,-0.10240827170722464,0.00020798779347383164
1.7774999999999999,0.01150155500575004,-0.09489764639296011,0.006543196228045979
1.78,0.008753180819484322,-0.08351653488212298,0.012805575945148865
1.7825,0.008456413884836665,-0.06928013323442732,0.01887357350699766
1.7850000000000001,0.010827555818799215,-0.05336505130579899,0.02461366267346746
1.7875,0.01584863140169199,-0.03701967348593881,0.029872310138636053
1.79,0.02326661665262848,-0.02147000321014777,0.034471617252262124
1.7925,0.03261358022681926,-0.00782824832100089,0.03820991306684256
1.795,0.043245809250314085,0.0029888227204298507,0.04086798424275263
1.7974999999999999,0.05439828331917668,0.010325503299590666,0.04222093635728652
1.8,0.0652495011058124,0.013831770634141457,0.04205496300167335
1.8025,0.07499077370121089,0.013483591117016925,0.04018763164155224
1.8050000000000002,0.08289375413103074,0.009577515766759961,0.036489752452902084
1.8075,0.08837019927641628,0.0027002024207229748,0.03090654047761264
1.81,0.09101873192103603,-0.0063245237584740035,0.02347565658604098
1.8125,0.0906546103940924,-0.01650669777945145,0.014339840133137858
1.815,0.08732010270943795,-0.026773548382125607,0.003752221726793117
1.8175,0.08127485181197226,-0.03605841403555136,-0.007927001300668736
1.8199999999999998,0.07296744233308153,-0.04338811776675173,-0.020243083661974897
1.8225,0.06299106955605929,-0.04796185026273656,-0.03266814571137797
1.825,0.05202761456331316,-0.049215341594950564,-0.04463031201283788
1.8275000000000001,0.040785420241470534,-0.04686533012406726,-0.05554860587214417
1.83,0.029936554676151757,-0.04093096155944284,-0.06487098359124448
1.8325,0.020059301991696202,-0.031730638348146815,-0.07211246481596753
1.835,0.011591046367659529,-0.019854834713451095,-0.07689015619372573
1.8375,0.004795671794185022,-0.006117332227434226,-0.07895209842565598
1.8399999999999999,-0.0002518102714858407,0.008510943919000659,-0.07819728812240129
1.8425,-0.00366233634878602,0.022979937525869253,-0.07468490455486562
1.845,-0.005712221789281958,0.0362438682662855,-0.06863165124565503
1.8475000000000001,-0.006807238482917114,0.0473432122384267,-0.06039712697289077
1.85,-0.00743503660005412,0.05547863491778538,-0.05045818039539315
1.8525,-0.008110651721338031,0.06007099979119756,-0.039374182251284966
1.855,-0.009320427740750602,0.06080280005791689,-0.02774597769184913
1.8575,-0.0114697692700408,0.05763795876450843,-0.01617187980334824
1.8599999999999999,-0.014839711695564592,0.050818777857408334,-0.0052043745626177
1.8625,-0.019556406576419865,0.040840732679283204,0.004688806201799729
1.865,-0.02557635160824062,0.02840764300357031,0.013155928279603197
1.8675000000000002,-0.032688669307299134,0.014371350041175304,0.019982142289256898
1.87,-0.04053410134980965,-0.000338742940166366,0.025098233194996995
1.8725,-0.04863879013769806,-0.014790152283137207,0.028576513378592402
1.875,-0.056459514907597534,-0.02811947971846343,0.030614280935608418
1.8775,-0.06343596727047417,-0.03959624688447224,0.03150638096862783
1.88,-0.06904499064184946,-0.04867322008571498,0.03160939821876873
1.8824999999999998,-0.07285153010413692,-0.05501932047789015,0.03130078327092127
1.885,-0.07455135923301028,-0.05853281052056279,0.030936699124030024
1.8875,-0.0740014373460894,-0.05933422274081861,0.030812522751268757
1.8900000000000001,-0.07123493015101641,-0.057740294121601074,0.031129729848764054
1.8925,-0.06645938814263168,-0.054221830063261776,0.03197234449737668
1.895,-0.060038183486556325,-0.04934979990178705,0.033295293946436794
1.8975,-0.05245690725026712,-0.043734941050012126,0.03492594422919246
1.9,-0.04427787484627193,-0.037966636853760984,0.036578897734812446
1.9024999999999999,-0.03608704279741806,-0.032556793815095256,0.03788291479413791
1.905,-0.028438395476470726,-0.027893883808829904,0.03841768675797753
1.9075,-0.021801144078922096,-0.024211289866699237,0.037757240592272194
1.9100000000000001,-0.016514862903527588,-0.021572695499847687,0.03551608177319787
1.9125,-0.012756987266656755,-0.019875616235761194,0.03139384689688634
1.915,-0.010525974888909497,-0.01887243876703315,0.025214274302220754
1.9175,-0.009641989249577388,-0.018206666857899057,0.016954711952112116
1.92,-0.009765330065175042,-0.01746062690890515,0.006763135648508597
1.9224999999999999,-0.010431161738485451,-0.01620979293439893,-0.005039314313002117
1.925,-0.01109752907297648,-0.014078251752895753,-0.01797104070464857
1.9275,-0.011202345274978398,-0.010789704231927811,-0.03141738521467558
1.9300000000000002,-0.010224112478608133,-0.006208800391925167,-0.04467086240753926
1.9325,-0.0077406784869277654,-0.00036849972705826537,-0.0569812243716061
1.935,-0.003480392285000377,0.006519547349152915,-0.0676114301991149
1.9375,0.0026394037562522763,0.014073004215346203,-0.07589499692737521
1.94,0.010490560523824367,0.021764903368606297,-0.08128998712858065
1.9425,0.0197315734373979,0.028965688539529345,-0.08342506629439471
1.9449999999999998,0.029825194209742355,0.03499762629600454,-0.08213362985569846
1.9475,0.04007529624943357,0.039196736487308356,-0.077472911217661
1.95,0.04968033027008455,0.04097659461231134,-0.0697261650823419
1.9525000000000001,0.05779915257693993,0.03988807768384913,-0.0593873776404815
1.955,0.06362379703864258,0.035669389388299284,-0.04712937473229032
1.9575,0.06645300438371791,0.02828149139059613,-0.03375756279081597
1.96,0.06576009204506761,0.01792531803006571,-0.020152731431221454
1.9625,0.061249071953481435,0.005038751129638552,-0.007207270824438787
1.9649999999999999,0.05289378218181235,-0.009726863097514596,0.004240266449002382
1.9675,0.04095612443040275,-0.025549025496111023,0.013467149773343791
1.97,0.025981185297310347,-0.04149187321485728,0.01992012561656388
1.9725000000000001,0.008768925407563369,-0.05657466054169379,0.02325649742475266
1.975,-0.009675913058970266,-0.06984512892678008,0.02336935922773773
1.9775,-0.02821216953221443,-0.08045146394947186,0.02039495348884029
1.98,-0.045643792575394034,-0.08770660395745082,0.014701531515168799
1.9825,-0.06080823266096331,-0.09113929788570556,0.006860554752125951
1.9849999999999999,-0.07266471574641409,-0.09052745550030755,-0.0023975304894487833
1.9875,-0.08037529809957031,-0.08591089168962637,-0.012239496245977997
1.99,-0.08337207335541148,-0.07758239842694882,-0.021793125058023083
1.9925000000000002,-0.08140492540273017,-0.06605801833402926,-0.03021361231444847
1.995,-0.07456571555385433,-0.05202926568714368,-0.036747407146180355
1.9975,-0.06328663992284939,-0.03630167225664642,-0.040788538316218724
2.0,-0.04831254349056882,-0.019725275141839606,-0.04192308158368721
2.0025,-0.030649063884318626,-0.0031233949806484013,-0.03995837665687252
2.005,-0.01149042964713422,0.012773795510904129,-0.034934817727993776
2.0075,0.007867605654715195,0.027384859226825906,-0.027119423743838595
2.01,0.026122987411228857,0.04031679335232835,-0.01698183248214315
2.0125,0.042063344759743306,0.051385275292480596,-0.0051547420086275695
2.015,0.054655239524503185,0.0606137140515575,0.007617964495100775
2.0175,0.06311968515924661,0.06821136221147478,0.02054122383692263
2.02,0.06698800703604652,0.07453273236830674,0.03283212537381718
2.0225,0.06613365912067858,0.08002235801494977,0.04378153393446945
2.025,0.0607775103350848,0.08515037386288613,0.05280912850227469
2.0275,0.051466214313592,0.09034532737990589,0.05950752633363795
2.03,0.03902541005167466,0.09593097915061523,0.06367204323872483
2.0325,0.024491496745157625,0.10207356515916524,0.06531378770161364
2.035,0.009027423814315328,0.10874509740802728,0.06465510842157525
2.0375,-0.0061707992166082516,0.11570684509535933,0.06210780797932649
2.04,-0.019969439475462186,0.12251529185517139,0.058235891291370044
2.0425,-0.03138665431808461,0.1285507697361257,0.05370583167868306
2.045,-0.03966927820257312,0.13306681693217653,0.04922831683457174
2.0475,-0.04435071004123495,0.13525629092002342,0.04549610751077039
2.05,-0.0452853401088497,0.13432857872150358,0.04312295325972216
2.0525,-0.04265682731446454,0.12959104143745448,0.04258843964488685
2.055,-0.0369596195478777,0.12052722891410536,0.04419319658863271
2.0575,-0.028955236038576634,0.10686446712483558,0.048028112852980906
2.06,-0.019606832471114864,0.08862416064508077,0.053960137281495756
2.0625,-0.009997288808007264,0.06614950976894761,0.061635984223044386
2.065,-0.001237361287732951,0.04010720428647134,0.07050369377522776
2.0675,0.005628777515353922,0.01146186477792958,0.07985062963069522
2.07,0.009713083240453444,-0.018575634464564002,0.08885523051689118
2.0725,0.010361130974313446,-0.04862251714444692,0.09664875976978816
2.075,0.007211364553099949,-0.07721563714542937,0.10238250108280536
2.0775,0.00023134769240569947,-0.1029130905945451,0.1052953861788171
2.08,-0.010271938209475901,-0.12439779188708852,0.10477694681453414
2.0825,-0.023668677562453343,-0.14057456973902827,0.10042076702536892
2.085,-0.03904851946538767,-0.15065273484012787,0.09206425244663373
2.0875,-0.0552854290912104,-0.15420716237329837,0.07981148671337317
2.09,-0.07112018346428717,-0.1512126316826259,0.06403714268758509
2.0925,-0.08525424413757635,-0.14204832889473845,0.04537077332499785
2.095,-0.09644786875189168,-0.12747186196012714,0.024662226568676393
2.0975,-0.10361500594841554,-0.10856465163757771,0.002930309227927327
2.1,-0.10590777427900344,-0.08665292975003305,-0.01870193272936333
2.1025,-0.10278413161804442,-0.0632105931836799,-0.03908093541611464
2.105,-0.09405363078704616,-0.039751654486779205,-0.05710024506414841
2.1075,-0.07989782659894673,-0.01772086916151848,-0.07177660066722102
2.11,-0.060863817953716655,0.0016087655220645477,-0.08231904544780326
2.1125,-0.037831426842083224,0.01722356319835804,-0.08818605359489387
2.115,-0.011956479031315059,0.028434970171558587,-0.08912643170884818
2.1175,0.015405590171617455,0.034918730633077814,-0.08520083763756851
2.12,0.04279015876156573,0.03672472550404337,-0.07678208024454845
2.1225,0.06872123982422954,0.03425727297912771,-0.06453383213314416
2.125,0.09180959757894254,0.028228125552072016,-0.04936890219615368
2.1275,0.11084411500843214,0.019586623150131256,-0.03238967037827403
2.13,0.12486995669607186,0.009433275579669949,-0.014814580365721915
2.1325,0.13324812833108116,-0.001075701772695797,0.0021043758553276073
2.135,0.13569247586585137,-0.010824787716915562,0.017167540900085466
2.1375,0.13228187689239443,-0.018828496492363875,0.029310880814625764
2.14,0.12344722050775901,-0.02430646687494257,0.03768081156249436
2.1425,0.10993460820856839,-0.02673850787956116,0.04169520204092347
2.145,0.09274789912258569,-0.025895680570503597,0.04108608434737538
2.1475,0.07307514417325181,-0.021845661883970205,0.035920821989281246
2.15,0.052204504993722284,-0.0149329019227629,0.026599954303911034
2.1525,0.031435864635439445,-0.005736248843691461,0.013831551259191176
2.155,0.01199447380613027,0.004991414216456593,-0.0014164343805823723
2.1575,-0.005047358811381677,0.016395557668392898,-0.017982756798524128
2.16,-0.018835291921489604,0.027597607540392487,-0.03459396585286939
2.1625,-0.028780582991066613,0.03777073140862843,-0.04995446216411594
2.165,-0.03458761218089561,0.04620719701172425,-0.06283927082099838
2.1675,-0.03626013313586818,0.05237169396493963,-0.07218300243934113
2.17,-0.03408666210666905,0.05593648840988459,-0.07715864575039293
2.1725,-0.02860690309737873,0.05679609084164867,-0.07724046550206708
2.175,-0.020562392835393996,0.055061084477867346,-0.07224632593456497
2.1775,-0.010835545607171333,0.05103270017994795,-0.062356155672424404
2.18,-0.0003819205456486453,0.04516145527511547,-0.048104920564899005
2.1825,0.009839210999416462,0.037994541657453675,-0.030350262827211646
2.185,0.01893105494685055,0.030117534217673422,-0.010216771647630832
2.1875,0.026117793396268192,0.0220963223641649,0.010979457189394498
2.19,0.030791746475812686,0.014424926929575402,0.03182086054131188
2.1925,0.032546579489936535,0.0074840881257312265,0.05088682540375423
2.195,0.031195102647392257,0.0015142834431341274,0.06685358668801426
2.1975,0.026771413396097486,-0.0033947153436852083,0.07858851616203397
2.2,0.01951827570335433,-0.007297353930213985,0.08523202921235665
2.2025,0.009861630054657056,-0.010370199151772317,0.08626114290347017
2.205,-0.0016250873836807255,-0.012877105140592794,0.08152996479711415
2.2075,-0.014263616343642564,-0.015125744598480222,0.07128399248992948
2.21,-0.02731709966744603,-0.017420409509869627,0.05614694710732311
2.2125,-0.04003648084687934,-0.020016285019208928,0.0370808190821547
2.215,-0.05170399541752528,-0.023080174802127058,0.015321730614418867
2.2175,-0.06167120133126239,-0.026661934618658484,-0.007704024174340808
2.22,-0.06938966620168353,-0.030679729158356765,-0.030477942833843606
2.2225,-0.07443318266133091,-0.03492078203529852,-0.051494413976147166
2.225,-0.07651114422359233,-0.039057684529191894,-0.06936552347953635
2.2275,-0.07547341484475002,-0.04267872428969858,-0.08291811087990734
2.23,-0.07130760833299227,-0.04532924843149718,-0.09127613124658317
2.2325,-0.06413011682957935,-0.046559927588463085,-0.09392239577353094
2.235,-0.0541724674153231,-0.04597705004282748,-0.09073521713602767
2.2375,-0.041764639004013664,-0.043289719070222554,-0.08199726965373502
2.24,-0.027316853807785438,-0.03834907621356209,-0.06837596065509009
2.2425,-0.011301101179239475,-0.03117540333803841,-0.05087665369544849
2.245,0.005766698536977596,-0.021970095664625863,-0.030772037027997745
2.2475,0.0233433741770551,-0.011110935885145876,-0.009512648731296727
2.25,0.04087389150257106,0.0008693031772731015,0.011375073153145773
2.2525,0.057805630166721106,0.013319297156265479,0.030395951117397176
2.255,0.07360194864394896,0.025517565835895973,0.04619080583544399
2.2575,0.08775552617237364,0.03672857618605084,0.057631322204603076
2.26,0.09980192500253322,0.04626153719504425,0.0638983195618476
2.2625,0.10933364254008664,0.05352657798797635,0.06453791222715304
2.265,0.11601464586676544,0.0580832081645262,0.05949165286384906
2.2675,0.11959503890230075,0.05967664692081823,0.049098634510180435
2.27,0.11992515293506445,0.058258709421758016,0.034069548493732525
2.2725,0.11696802645943119,0.05399134995279493,0.015434706152051782
2.275,0.11080900071135594,0.04723254750631661,-0.005530114721041169
2.2775,0.10166104615730137,0.03850583048982816,-0.02739457699996921
2.2800000000000002,0.08986448316515896,0.02845622135591118,-0.04867486658297846
2.2824999999999998,0.0758799814356241,0.017796600133157658,-0.06793770031348272
2.285,0.060274112964878654,0.007249325053176358,-0.0838998683618491
2.2875,0.043697268522032595,-0.002511667704965826,-0.09551631340138053
2.29,0.026854386236425998,-0.010913167457939492,-0.10205064267777368
2.2925,0.01046962685653591,-0.017524856687658404,-0.10312329209392138
2.295,-0.004753201920132744,-0.02208779848054727,-0.09873421188394707
2.2975,-0.018172088714967987,-0.02452701193055866,-0.0892587967581272
2.3,-0.029247317302277833,-0.024947407475001737,-0.07541770186539834
2.3025,-0.03757798768219597,-0.02361390495948573,-0.058223029188533046
2.305,-0.04293155119318425,-0.020918007879249734,-0.03890500455083156
2.3075,-0.04526364117903678,-0.01733432143678855,-0.018824578338719894
2.31,-0.04472602943312593,-0.013371367408503594,0.0006217158034645051
2.3125,-0.04166131623902362,-0.009521487413147177,0.018097877890860124
2.315,-0.036583915227724396,-0.006214601757975055,0.03241882626036283
2.3175,-0.030147951176429953,-0.003780112112221433,0.04262887674215414
2.32,-0.023103763479039603,-0.002420354890685328,0.04806310477268963
2.3225,-0.016245708222460305,-0.0021978186542825173,0.04838768857366666
2.325,-0.010354787280404166,-0.0030369524027406996,0.043616886856442015
2.3275,-0.006140223269117151,-0.004739949036421827,0.034105987909476825
2.33,-0.004184381920665945,-0.0070145301492817586,0.02052125469420127
2.3325,-0.004895379705574625,-0.009510615632988263,0.003789462182093266
2.335,-0.00847129401927013,-0.01186194295187554,-0.014969029994404434
2.3375,-0.014879135936126348,-0.013728282332782194,-0.03451869352340394
2.34,-0.023850701152508785,-0.014833911644561083,-0.053593104537537586
2.3425000000000002,-0.03489615943120418,-0.014998461564419805,-0.07097919898243067
2.3449999999999998,-0.04733487345375406,-0.014157068904948906,-0.0855958077390104
2.3475,-0.060341564264779976,-0.012367897987318618,-0.09656133115818814
2.35,-0.07300467609007244,-0.009806392759105458,-0.10324631163711526
2.3525,-0.08439274603931142,-0.00674697519329851,-0.10530782376516074
2.355,-0.09362384662336756,-0.0035341737007518205,-0.10270393382047041
2.3575,-0.09993281009620177,-0.00054622354160079,-0.09568788492263625
2.36,-0.10273100227170513,0.0018450741327490211,-0.08478304083406366
2.3625,-0.10165389447006085,0.0033140888843622646,-0.07074087632614923
2.365,-0.09659255516389188,0.0036166072956966867,-0.054485353862707864
2.3675,-0.08770638387358576,0.0026169732753341386,-0.037047811568961864
2.37,-0.07541584643539641,0.0003043382682519964,-0.01949696394399462
2.3725,-0.060375529171420854,-0.0032036544963081376,-0.0028687657600709247
2.375,-0.04342938394726133,-0.007670154615557642,0.011899284255041762
2.3775,-0.02555145927232037,-0.01276045098841147,0.024025293480444503
2.38,-0.00777658632668725,-0.01807325740879084,0.03292819373035715
2.3825,0.008873685774203251,-0.023178814206122018,0.03825855416681585
2.385,0.023464205030832207,-0.027659997485177563,0.0399135479628764
2.3875,0.035212731460855275,-0.031152325009959823,0.03803571167739706
2.39,0.043544706695655015,-0.03337885778041994,0.03299618989203017
2.3925,0.048132055105883094,-0.034176507343760563,0.025364117723585648
2.395,0.04891305840327571,-0.033511119371786385,0.015864603019086664
2.3975,0.04609185142642868,-0.031479827714889254,0.005328384183840592
2.4,0.040117710300166746,-0.02830044749183789,-0.005363370278687598
2.4025,0.03164591226066427,-0.024288973260646326,-0.015335501176700007
2.4050000000000002,0.02148340707145455,-0.0198274390873743,-0.023772998250914126
2.4074999999999998,0.010523733180812548,-0.015325362143163561,-0.029969598122613395
2.41,-0.00032356006270272314,-0.011178633566162652,-0.03336808171101338
2.4125,-0.01020332682618545,-0.007729975135914296,-0.03359014164303479
2.415,-0.018379485632598874,-0.005234921880955626,-0.030454419507566
2.4175,-0.024288858790158588,-0.003836734435945616,-0.023982092381562105
2.42,-0.027580054387045024,-0.0035527460011148568,-0.014390168109151256
2.4225,-0.02813451624194117,-0.004273496799294729,-0.002073382482612834
2.425,-0.026068351267893666,-0.005774719231244514,0.012423762649628294
2.4275,-0.02171512554931513,-0.007740938916783189,0.028442757148224786
2.43,-0.01559136792715606,-0.009798281174592664,0.04525219551208319
2.4325,-0.008347904915356464,-0.011553138151341416,0.06209158858796377
2.435,-0.0007112600525024667,-0.012632753944021068,0.07821516895824461
2.4375,0.006579904622502205,-0.012723585478177523,0.0929330985023067
2.44,0.012838004678577703,-0.011603517677380092,0.10564774891569448
2.4425,0.017484227142111442,-0.009164632466663573,0.11588311551774577
2.445,0.02009606921045724,-0.005424191830916842,0.1233059137424187
2.4475,0.020441010135881683,-0.0005227002742902022,0.12773746397746136
2.45,0.01849381685068839,0.005290759005896155,0.1291560588993478
2.4525,0.014436380778247618,0.01168440121353273,0.1276900924229664
2.455,0.008640444392238003,0.018278143146134043,0.1236027763379142
2.4575,0.0016349776952291149,0.024682936727501034,0.11726974819511528
2.46,-0.005938809594322283,0.030540889589221746,0.10915125534383774
